{
  "Brinjal": {
    "precision": 0.6666666666666666,
    "recall": 0.8571428571428571,
    "f1-score": 0.75,
    "support": 7.0
  },
  "Cabbage BlackRots": {
    "precision": 1.0,
    "recall": 0.9444444444444444,
    "f1-score": 0.9714285714285714,
    "support": 18.0
  },
  "Corn Gray leaf spot": {
    "precision": 0.75,
    "recall": 0.42857142857142855,
    "f1-score": 0.5454545454545454,
    "support": 7.0
  },
  "Corn leaf blight": {
    "precision": 0.7647058823529411,
    "recall": 0.8125,
    "f1-score": 0.7878787878787878,
    "support": 16.0
  },
  "Corn rust leaf": {
    "precision": 0.8571428571428571,
    "recall": 0.9473684210526315,
    "f1-score": 0.9,
    "support": 19.0
  },
  "Grape Rot": {
    "precision": 1.0,
    "recall": 0.8,
    "f1-score": 0.8888888888888888,
    "support": 10.0
  },
  "Ladies finger Bacterial Disease": {
    "precision": 1.0,
    "recall": 0.875,
    "f1-score": 0.9333333333333333,
    "support": 8.0
  },
  "Potato Early blight": {
    "precision": 0.9629629629629629,
    "recall": 0.9285714285714286,
    "f1-score": 0.9454545454545454,
    "support": 28.0
  },
  "Potato Lateblight": {
    "precision": 0.8260869565217391,
    "recall": 1.0,
    "f1-score": 0.9047619047619048,
    "support": 19.0
  },
  "Potato healthy": {
    "precision": 1.0,
    "recall": 0.9,
    "f1-score": 0.9473684210526315,
    "support": 10.0
  },
  "Red Chilli Anthracnose": {
    "precision": 1.0,
    "recall": 1.0,
    "f1-score": 1.0,
    "support": 7.0
  },
  "Soybean healthy": {
    "precision": 1.0,
    "recall": 1.0,
    "f1-score": 1.0,
    "support": 12.0
  },
  "accuracy": 0.9006211180124224,
  "macro avg": {
    "precision": 0.9022971104705974,
    "recall": 0.8744665483152326,
    "f1-score": 0.8812140831877674,
    "support": 161.0
  },
  "weighted avg": {
    "precision": 0.9074303739559256,
    "recall": 0.9006211180124224,
    "f1-score": 0.8990832294362858,
    "support": 161.0
  }
}