{
  "accuracy": [
    0.2488408088684082,
    0.5564142465591431,
    0.7109737396240234,
    0.7588871717453003,
    0.7836167216300964,
    0.8098918199539185,
    0.854714035987854,
    0.8717156052589417,
    0.8624420166015625,
    0.8763523697853088,
    0.8562596440315247,
    0.8809891939163208,
    0.916537880897522,
    0.8979907035827637,
    0.9088099002838135,
    0.9149922728538513,
    0.9088099002838135,
    0.9211746454238892,
    0.8933539390563965,
    0.91190105676651,
    0.9489953517913818
  ],
  "val_accuracy": [
    0.5279502868652344,
    0.7267080545425415,
    0.8012422323226929,
    0.8198757767677307,
    0.8322981595993042,
    0.8447204828262329,
    0.8447204828262329,
    0.8571428656578064,
    0.8571428656578064,
    0.850931704044342,
    0.8695651888847351,
    0.888198733329773,
    0.8695651888847351,
    0.9006211161613464,
    0.888198733329773,
    0.9006211161613464,
    0.9006211161613464,
    0.8944099545478821,
    0.8695651888847351,
    0.8944099545478821,
    0.8944099545478821
  ],
  "loss": [
    2.314164876937866,
    1.236588716506958,
    0.8326922655105591,
    0.6780582666397095,
    0.6055114269256592,
    0.5307495594024658,
    0.4571451246738434,
    0.41477978229522705,
    0.4003686010837555,
    0.3926832973957062,
    0.3823135197162628,
    0.3589411675930023,
    0.29989108443260193,
    0.31239616870880127,
    0.2830168306827545,
    0.2448369413614273,
    0.24001488089561462,
    0.23626089096069336,
    0.2933291792869568,
    0.23530302941799164,
    0.18086472153663635
  ],
  "val_loss": [
    1.3243201971054077,
    0.8512664437294006,
    0.63731849193573,
    0.5530487895011902,
    0.5209986567497253,
    0.48061907291412354,
    0.43536442518234253,
    0.43604886531829834,
    0.4061111509799957,
    0.42420560121536255,
    0.39418652653694153,
    0.36854976415634155,
    0.3909195363521576,
    0.3615621030330658,
    0.3844253420829773,
    0.3500325083732605,
    0.3549889028072357,
    0.3420959711074829,
    0.3719433546066284,
    0.3516806960105896,
    0.34975579380989075
  ],
  "fine_tune_start_epoch": 15,
  "class_distribution": {
    "Brinjal": 40,
    "Cabbage BlackRots": 61,
    "Corn Gray leaf spot": 37,
    "Corn leaf blight": 85,
    "Corn rust leaf": 106,
    "Grape Rot": 39,
    "Ladies finger Bacterial Disease": 36,
    "Potato Early blight": 102,
    "Potato Lateblight": 118,
    "Potato healthy": 68,
    "Red Chilli Anthracnose": 48,
    "Soybean healthy": 68
  }
}